id;nama;deskripsi;jumlah;rarity;tahun_ditemukan
G1;Pokeball;Menangkap pokemon liar;40;C;1997
G2;Lightsaber;Senjata melee untuk melindungi diri;5;A;1977
G3;Eye of Agamotto;Memanipulasi waktu;1;S;2016
G4;Hearthstone;Alat teleportasi ke tempat peristirahatan;10;B;2014
G5;Companion cube;Menemani saat kesepian;4;A;2007
G6;Portal Gun;Membuka 2 pintu portal;2;S;2007
G7;Diamond Pickaxe;Menggali tanah dan menambang;5;A;2011
G8;Cloak of Invisibilty;Menghilang untuk sesaat;13;B;1997
G9;Akmaltes;ini tes aja sih;10;A;2002
